n.subj,seed,key,mean,lower,upper
450,1,b_Intercept,2.831975510294786,2.41446968156927,3.279023185317394
450,1,b_syntax_dev1,0.5427713568949192,0.29730607199142467,0.7892612741610239
450,1,b_syntax_dev1:trial_dev1,0.23690600037549595,0.0594260329494012,0.41628254495235645
450,1,b_trial_dev1,-0.1296272458370874,-0.5436114098802339,0.2996429887143264
450,1,critical_pred,2.65573739961245,2.005733977488406,3.332377744781087
450,1,critical_subj,3.2674681126512968,2.5905532739381214,3.9544498742219845
450,1,filler_pred,1.9226709071872836,1.2863598484878567,2.591269669106819
450,1,filler_subj,3.4820256217281136,2.8041924821666813,4.213914357482815
450,1,syntax_critical,0.6117307130388464,-0.003381622780022375,1.2267142318603068
450,1,syntax_filler,1.5593547145408302,0.9405581737349692,2.188095980943343
450,2,b_Intercept,2.45550673911572,2.099459722510794,2.842869650171342
450,2,b_syntax_dev1,0.5981063480696208,0.45179679345193835,0.7528428783370551
450,2,b_syntax_dev1:trial_dev1,-0.19922474178230654,-0.5188122983036472,0.1291722272688289
450,2,b_trial_dev1,-0.1100912424134753,-0.4404758683084312,0.19989829804431739
450,2,critical_pred,1.768266891677268,1.2127888242735525,2.3465890603280677
450,2,critical_subj,3.3629290713811226,2.7478425331316316,4.034790840431867
450,2,filler_pred,1.9465338904149305,1.3765954582055584,2.5171722472981344
450,2,filler_subj,2.744297102989559,2.151662705146296,3.379642120795929
450,2,syntax_critical,1.5946621797038547,0.903237059929683,2.33978277394826
450,2,syntax_filler,0.7977632125746285,0.10910548685284716,1.5183208613786663
450,3,b_Intercept,2.9384893506064675,2.5194934672703813,3.406081554177466
450,3,b_syntax_dev1,0.6117401668047381,0.4498643026196609,0.7826074484856365
450,3,b_syntax_dev1:trial_dev1,-0.1215295484530773,-0.37847365862819266,0.14429369006720053
450,3,b_trial_dev1,-0.090349058721582165,-0.3507302669261735,0.16229039222647057
450,3,critical_pred,2.2955686940702345,1.7469222796099344,2.892691569536315
450,3,critical_subj,3.762108124585865,3.1424199871140464,4.4187784860333945
450,3,filler_pred,2.3579296735332247,1.832848015369322,2.9322177770449476
450,3,filler_subj,3.3383509102365463,2.743139448953713,3.968972593007384
450,3,syntax_critical,1.4665394305156307,0.832165505928265,2.0865923394342674
450,3,syntax_filler,0.9804212367033215,0.3868483459711957,1.5866905523794617
450,4,b_Intercept,2.4859394830818222,2.020305362636345,2.9816583686611264
450,4,b_syntax_dev1,0.7209645872466048,0.5215773853230926,0.9331914497852332
450,4,b_syntax_dev1:trial_dev1,0.07703490133731744,-0.10955906218488472,0.2599958098032494
450,4,b_trial_dev1,-0.13438120130527265,-0.4791042103472618,0.20947665143655397
450,4,critical_pred,1.9763909984778076,1.3587749795765385,2.6045574532702935
450,4,critical_subj,3.2642503702963825,2.6166064534167495,3.941506628393358
450,4,filler_pred,1.5535587931926274,0.9546684935976294,2.1826634565179903
450,4,filler_subj,3.149557770360472,2.492730168654629,3.831405567400887
450,4,syntax_critical,1.2878593718185747,0.7351546873833212,1.8604841602021596
450,4,syntax_filler,1.5959989771678444,1.068632048021656,2.146793282931873
450,5,b_Intercept,2.4927185704195414,2.1285210868479782,2.8961029707161865
450,5,b_syntax_dev1,0.9404174482808325,0.6757060166216495,1.2096948103533767
450,5,b_syntax_dev1:trial_dev1,0.3850208446076427,0.22754071676722934,0.5515823237249751
450,5,b_trial_dev1,-0.4931804784731937,-0.7034655950827672,-0.2840319234649819
450,5,critical_pred,2.4305024452195454,1.923602188437844,2.9468739742376022
450,5,critical_subj,3.541295652565925,2.995862031522436,4.142932786504479
450,5,filler_pred,0.6740997990578724,0.22377930080012065,1.1452824901814218
450,5,filler_subj,3.324976384834823,2.7883350348915688,3.93939990624378
450,5,syntax_critical,1.1107932073463798,0.5123295364647821,1.719582011980724
450,5,syntax_filler,2.6508765857769503,2.0283571233677082,3.3076753480041767
450,6,b_Intercept,2.6510072217840146,2.257094103239506,3.080268386798485
450,6,b_syntax_dev1,0.8849336713824049,0.6859979157229116,1.102987752779938
450,6,b_syntax_dev1:trial_dev1,0.23625062175371855,0.09344053113193468,0.382449650535595
450,6,b_trial_dev1,0.11970234507318231,-0.23823883271943808,0.49640858894866846
450,6,critical_pred,1.8826218270821462,1.3226920633078612,2.47256266504189
450,6,critical_subj,3.179987926339519,2.580649244535074,3.7928660246872514
450,6,filler_pred,1.6495252737210737,1.0988730714688542,2.2301043202472446
450,6,filler_subj,3.8918938599933206,3.25837240671906,4.58518473249864
450,6,syntax_critical,1.2973660992573726,0.8198169609120334,1.7934087333688273
450,6,syntax_filler,2.2423685862722467,1.7361482650870694,2.781122429132251
450,7,b_Intercept,3.604589218970709,3.011372882770592,4.240702928330821
450,7,b_syntax_dev1,0.8354740526244707,0.6123760200842794,1.0857228401273897
450,7,b_syntax_dev1:trial_dev1,0.4486714761234442,-0.07046194242430598,0.9916674136515169
450,7,b_trial_dev1,0.21934894164256658,-0.3086860941552931,0.7421962409064421
450,7,critical_pred,2.998437700827116,2.061623453695469,3.9750914043111223
450,7,critical_subj,3.772042853829169,2.7893270038169575,4.806917255660703
450,7,filler_pred,2.5397926318653608,1.619504291605694,3.4917967921760242
450,7,filler_subj,5.108083689361191,4.09006684167475,6.193651541928291
450,7,syntax_critical,0.773605153002053,-0.36758299835157265,1.904334127256061
450,7,syntax_filler,2.5682910574958298,1.4276045104545922,3.7596170390525674
450,8,b_Intercept,3.8594503821218282,3.1807121969753402,4.620364955938469
450,8,b_syntax_dev1,0.4165707091999302,-0.36625746124646485,1.2132252506184396
450,8,b_syntax_dev1:trial_dev1,-0.07075364257561184,-0.5121216262238732,0.3750950835771481
450,8,b_trial_dev1,0.16122624487346326,-0.18445522130485395,0.51168843809865
450,8,critical_pred,3.210899785472823,2.0945496295807082,4.406344761907358
450,8,critical_subj,4.185548489023907,3.025769524023032,5.444374427265841
450,8,filler_pred,3.6748595603709733,2.539331159905283,4.890060296415694
450,8,filler_subj,4.36649369361961,3.2015483384704644,5.633898462132297
450,8,syntax_critical,0.9746487035510841,-0.781556383504545,2.7796251232132594
450,8,syntax_filler,0.6916341332486368,-1.036750451772159,2.5220111175489714
450,9,b_Intercept,2.8073860023147024,2.41747034858199,3.2371844535938656
450,9,b_syntax_dev1,0.8112662871588736,0.5115596306982415,1.1236577432247603
450,9,b_syntax_dev1:trial_dev1,0.07278813313755934,-0.26276700269618614,0.41546158682737316
450,9,b_trial_dev1,-0.1275566774641126,-0.5043747570294084,0.23710889848849515
450,9,critical_pred,2.1964645257575004,1.509080319888797,2.8898843498337325
450,9,critical_subj,3.673420833800129,2.9407549043098773,4.467509537718759
450,9,filler_pred,1.7957749045541567,1.1399341026794614,2.4633039520596216
450,9,filler_subj,3.5638837451470224,2.846415269327109,4.332991046146638
450,9,syntax_critical,1.4769563080426285,0.5694413288748665,2.4067923937128306
450,9,syntax_filler,1.768108840592866,0.8810565614342416,2.705005045033452
450,10,b_Intercept,2.9919721695869157,2.4107288035312426,3.632753597549328
450,10,b_syntax_dev1,0.5917457819453653,0.08619664220910268,1.1114403505047956
450,10,b_syntax_dev1:trial_dev1,0.379458067641741,-0.053108955111632015,0.8409931225246171
450,10,b_trial_dev1,-0.1153800238243946,-0.4969758645783928,0.25860420935792566
450,10,critical_pred,2.895064479107686,1.9550392738578166,3.8720063102232203
450,10,critical_subj,3.319639907714935,2.353933959513142,4.385828305638571
450,10,filler_pred,1.905388296175415,0.9879193186385173,2.831176143207965
450,10,filler_subj,3.8477959953496277,2.850961459045747,4.94578781807956
450,10,syntax_critical,0.4245754286072486,-0.8985684921412078,1.7698651818910214
450,10,syntax_filler,1.9424076991742125,0.5723910577718304,3.3395940966081312
450,11,b_Intercept,2.3485375567697764,1.9723380953698308,2.7549274066932523
450,11,b_syntax_dev1,0.7503634507288091,0.45014719125827773,1.0460023249312342
450,11,b_syntax_dev1:trial_dev1,0.2798128264934636,0.11633284579171735,0.4489089688282309
450,11,b_trial_dev1,-0.14595255391604534,-0.3017934837250522,-2.2172244467855493e-4
450,11,critical_pred,2.0239394864504763,1.5169577540770047,2.574521390020944
450,11,critical_subj,2.965040734921167,2.430249305596986,3.539122243637749
450,11,filler_pred,1.1724087256314584,0.6780206267664889,1.7061197115149582
450,11,filler_subj,3.2327612800760037,2.690932093635629,3.809160582207734
450,11,syntax_critical,0.9411012484706908,0.2486800798943528,1.6219787096421439
450,11,syntax_filler,2.0603525544445453,1.388898334068816,2.750186781996943
450,12,b_Intercept,2.0338211036578424,1.44733936636633,2.6704564787272274
450,12,b_syntax_dev1,0.7622723047122126,0.4861301354321248,1.0491736273637993
450,12,b_syntax_dev1:trial_dev1,0.2549013350008192,0.10780216671615762,0.4086729996206795
450,12,b_trial_dev1,0.38980392091706767,-0.09355528550966978,0.8703401084195715
450,12,critical_pred,1.1366462130293815,0.3265759205939143,1.9422770854023292
450,12,critical_subj,2.151388152452168,1.3603390237754196,2.991681565358747
450,12,filler_pred,1.4064513848618785,0.5735427518890757,2.232318904427482
450,12,filler_subj,3.440798664287942,2.5856046907530383,4.358887020185752
450,12,syntax_critical,1.0147419394227868,0.41664983983006587,1.6262151087055896
450,12,syntax_filler,2.0343472794260635,1.4182734712331437,2.7063548496816074
450,13,b_Intercept,2.4290777422083276,2.0100249865591886,2.886666018564081
450,13,b_syntax_dev1,0.6861576633920601,0.4204270795745757,0.97346560120564
450,13,b_syntax_dev1:trial_dev1,0.18126707838178344,-0.11586647289194849,0.4786966508396273
450,13,b_trial_dev1,0.15983507236055564,-0.03198456952239876,0.3472073385009944
450,13,critical_pred,1.7643520848374954,1.1646305349214543,2.3806665577398745
450,13,critical_subj,2.774133254858049,2.1566994426316217,3.4415539842090626
450,13,filler_pred,1.7214880727950397,1.1506043865964108,2.327173298391104
450,13,filler_subj,3.456337556342727,2.810050979654283,4.148475690855472
450,13,syntax_critical,1.0097811700205535,0.2427386167076911,1.8000187521803312
450,13,syntax_filler,1.734849483547687,0.949883830060841,2.568762768156412
450,14,b_Intercept,2.8034137260368968,2.417055001266829,3.234079407536683
450,14,b_syntax_dev1,0.4622000184262963,0.209105235607352,0.7288768940107083
450,14,b_syntax_dev1:trial_dev1,-0.14598902489469273,-0.628113971209556,0.34495368116102554
450,14,b_trial_dev1,0.10145761196541425,-0.21880583356851296,0.42813084136587093
450,14,critical_pred,2.093767070750493,1.3837176893098266,2.8363308877212248
450,14,critical_subj,3.3101451573924714,2.53045015602498,4.101842801582972
450,14,filler_pred,2.588660344470707,1.8728117089739253,3.353446661394777
450,14,filler_subj,3.2210823315339145,2.4787906702294817,4.015469285248458
450,14,syntax_critical,1.2163780866419782,0.1291998281134488,2.2992358341004264
450,14,syntax_filler,0.6324219870632072,-0.4618689071222434,1.7574236714649667
450,15,b_Intercept,3.019815877157428,2.5469347878520847,3.5224311508332473
450,15,b_syntax_dev1,0.5081900759309925,0.34238015522280824,0.6709240731998739
450,15,b_syntax_dev1:trial_dev1,0.12152131318461615,-0.028771154726974765,0.2814066008101076
450,15,b_trial_dev1,-0.14989463750491752,-0.3788962182617208,0.07234928779193751
450,15,critical_pred,2.783041751915969,2.2339703218019276,3.3902150397943887
450,15,critical_subj,3.556379277408722,2.983112655986229,4.176873976437114
450,15,filler_pred,2.240209850536902,1.6932041204276171,2.779340249270358
450,15,filler_subj,3.499632628768119,2.917492881762671,4.100778250689336
450,15,syntax_critical,0.7733375254927528,0.33662938387192465,1.2197138908666694
450,15,syntax_filler,1.2594227782312173,0.8103352291280651,1.7124228515610593
450,16,b_Intercept,2.2898927067684425,1.9161223616279637,2.686785740044421
450,16,b_syntax_dev1,0.4147074305009564,0.06643886955981476,0.7707095095593736
450,16,b_syntax_dev1:trial_dev1,-0.1852762875808191,-0.3277036569773899,-0.046355446485150095
450,16,b_trial_dev1,-0.3510459134077386,-0.8759793239190983,0.1632604636722422
450,16,critical_pred,2.0409549020944056,1.3126178391293963,2.825111332113457
450,16,critical_subj,3.2409223382579566,2.484900152174388,4.059798263691709
450,16,filler_pred,1.7094156504405669,1.0099171445396955,2.462454352836002
450,16,filler_subj,2.168277936280841,1.451732539165656,2.922130936999747
450,16,syntax_critical,1.1999674361635508,0.435709733167484,1.9878844125829063
450,16,syntax_filler,0.4588622858402745,-0.28622518114818146,1.1966921306036213
450,17,b_Intercept,2.934898450121997,2.522599404186628,3.3807464907034537
450,17,b_syntax_dev1,0.44567837574200264,0.28215123988550683,0.6124307657527759
450,17,b_syntax_dev1:trial_dev1,0.057636562521392334,-0.09429445300861737,0.21655662706658502
450,17,b_trial_dev1,0.05127800577112616,-0.2933857235633583,0.37554946972559244
450,17,critical_pred,2.4955786311302606,1.958353341522612,3.0786135152469813
450,17,critical_subj,3.271662257571481,2.693932329733305,3.918366529440381
450,17,filler_pred,2.482861517629728,1.9392854038443712,3.0708333515958746
450,17,filler_subj,3.489491394156518,2.9091744569984814,4.125080409026399
450,17,syntax_critical,0.7760836264412206,0.3289926465579839,1.233333586354602
450,17,syntax_filler,1.00662987652679,0.5530934998691044,1.4797093267809964
450,18,b_Intercept,3.130527004426699,2.4726491017622227,3.8104785622055983
450,18,b_syntax_dev1,0.5891046964673203,0.26814108599115916,0.9105801731412879
450,18,b_syntax_dev1:trial_dev1,-0.2268384908015111,-0.38855798922897405,-0.07401317473235022
450,18,b_trial_dev1,0.21083717114832506,-0.380392873419885,0.8072385701884034
450,18,critical_pred,2.103746646009542,1.1642786343782858,3.0304011118392715
450,18,critical_subj,3.7356330205472053,2.7642552845120187,4.752933878392997
450,18,filler_pred,2.9790979699092146,2.0595311140887302,3.924770518430551
450,18,filler_subj,3.703630381240833,2.7642331640938638,4.6985510158656325
450,18,syntax_critical,1.631886374537663,0.9322803865356323,2.369180293435763
450,18,syntax_filler,0.7245324113316185,0.015993950047519495,1.4401340907520173
450,19,b_Intercept,3.2289581445435083,2.7446388078907136,3.773000075340831
450,19,b_syntax_dev1,0.5658292424693131,0.3823108459477205,0.7561496790414585
450,19,b_syntax_dev1:trial_dev1,-0.2615070624836776,-0.5134292796342607,-0.018355113198076752
450,19,b_trial_dev1,-0.46075842903293407,-1.1180099136489088,0.17032504717115382
450,19,critical_pred,2.862380268623452,2.0317946369737885,3.7685656052225176
450,19,critical_subj,4.517052878529433,3.6177030385855486,5.490569884250514
450,19,filler_pred,2.4638775355249387,1.6317621678620748,3.3047967625968746
450,19,filler_subj,3.07252189549621,2.237002428810129,3.9550001737405305
450,19,syntax_critical,1.6546726099059814,1.0376477081363296,2.3194076348787593
450,19,syntax_filler,0.6086443599712711,0.03123407618719872,1.2193038304124413
450,20,b_Intercept,2.1921819934056312,1.8467658380228156,2.561954244037797
450,20,b_syntax_dev1,0.6509968221773438,0.49386420288826127,0.8125757058817468
450,20,b_syntax_dev1:trial_dev1,0.09582826225421567,-0.07113751052444627,0.2635605085214803
450,20,b_trial_dev1,-0.14242828224928664,-0.4227140397194661,0.1437293694875519
450,20,critical_pred,1.7794417157317899,1.2974797255018007,2.271338002229882
450,20,critical_subj,2.889778835578046,2.368512881331251,3.4443375595550876
450,20,filler_pred,1.3029286267247853,0.8321529358465226,1.8005307039866694
450,20,filler_subj,2.7965787955879042,2.2784520427579906,3.334574483776745
450,20,syntax_critical,1.1103371198462562,0.6358875499880796,1.5883667003488582
450,20,syntax_filler,1.4936501688631187,1.0395682794722139,1.9601840751296908
450,21,b_Intercept,2.94486084410468,2.4928071645460634,3.4624580374655953
450,21,b_syntax_dev1,0.8483016931151937,0.6618749723227534,1.054527652510616
450,21,b_syntax_dev1:trial_dev1,0.4464801694021209,0.06851742650708606,0.8237306999781449
450,21,b_trial_dev1,-0.05974391092140482,-0.6089238487175374,0.4848170640134196
450,21,critical_pred,2.6027832313130124,1.7850643096303223,3.443257656556373
450,21,critical_subj,3.406426278739158,2.5733538720428117,4.3145565494652995
450,21,filler_pred,1.590335070665961,0.8138187228754413,2.3894237383826185
450,21,filler_subj,4.17989879570059,3.3241870632154518,5.097589017240615
450,21,syntax_critical,0.8036430474261457,-0.0380940792353889,1.6443958463230157
450,21,syntax_filler,2.5895637250346293,1.7444441516432232,3.4613650747672238
450,22,b_Intercept,3.4213573110196984,2.9251715234346793,3.9623962332329454
450,22,b_syntax_dev1,0.9103899766579441,0.6792321823316397,1.162896083644084
450,22,b_syntax_dev1:trial_dev1,0.0284005465795697,-0.4061355672693634,0.4595171853452098
450,22,b_trial_dev1,-0.6802302625740583,-1.0768267246292302,-0.2980392297457102
450,22,critical_pred,3.219598143515382,2.4579267046200064,4.024390597367452
450,22,critical_subj,4.983577003672131,4.135091440683415,5.90040893411027
450,22,filler_pred,1.8023365252081263,1.093923847338366,2.5051477312946138
450,22,filler_subj,3.679917571683154,2.890764635247655,4.540894872007943
450,22,syntax_critical,1.7639788601567488,0.7960344933285033,2.783236339750119
450,22,syntax_filler,1.8775810464750275,0.9104860084905556,2.8825977734914563
450,23,b_Intercept,2.1168152869748957,1.817623031760879,2.4398848067146695
450,23,b_syntax_dev1,0.10499496637410331,-0.025594268734559954,0.2444208681777252
450,23,b_syntax_dev1:trial_dev1,-0.2746258019999447,-0.5457286443203244,-0.004552781856759934
450,23,b_trial_dev1,-0.35396113148078934,-0.9548506713694264,0.23901580876841266
450,23,critical_pred,2.0911556500816375,1.3900719270203359,2.8527077606458984
450,23,critical_subj,2.850397186829733,2.10792675711063,3.651652692703848
450,23,filler_pred,1.932484991119948,1.1988065721420258,2.648094033794989
450,23,filler_subj,1.5932233198682653,0.8953352166311838,2.3184307395682424
450,23,syntax_critical,0.759241536748096,0.1352500672341727,1.3983555874360278
450,23,syntax_filler,-0.3392616712516827,-0.9344710716563722,0.25726822286826845
450,24,b_Intercept,2.731383144549144,2.2985312868194674,3.197675032180531
450,24,b_syntax_dev1,0.9849038041038493,0.46420378661730727,1.5378479382345098
450,24,b_syntax_dev1:trial_dev1,0.31791450642284885,-0.021643699973598437,0.6588504092288235
450,24,b_trial_dev1,-0.21614852958777106,-0.491870446220958,0.040300050597455894
450,24,critical_pred,2.2805423764559145,1.5228813261920318,3.1047845145865374
450,24,critical_subj,3.6145209718179157,2.7956359567127564,4.500239649393277
450,24,filler_pred,1.212416304434675,0.48098853112293405,1.973237957890016
450,24,filler_subj,3.818052925488071,2.9958484995748305,4.7120561841323685
450,24,syntax_critical,1.3339785953620007,0.10838191577404396,2.656272024638068
450,24,syntax_filler,2.6056366210533963,1.3835446496666637,3.934309238408387
450,25,b_Intercept,2.9024508152748103,2.4373132115879717,3.4212816173313167
450,25,b_syntax_dev1,0.5092834057104262,0.3549950797159272,0.6876432338832373
450,25,b_syntax_dev1:trial_dev1,-0.09608412385074486,-0.39314494423233315,0.19905855810161271
450,25,b_trial_dev1,0.03506388489759364,-0.20429514467838203,0.27138808658473546
450,25,critical_pred,2.2620194008160457,1.6621689675479534,2.8639871748206893
450,25,critical_subj,3.472754459938388,2.823329607902807,4.173267594624626
450,25,filler_pred,2.5243154183127228,1.9144620021233079,3.1574722703804996
450,25,filler_subj,3.3507139820320857,2.722228710882182,4.051588764403818
450,25,syntax_critical,1.210735059122342,0.5369484703641815,1.8981560841906862
450,25,syntax_filler,0.8263985637193627,0.1619394907719964,1.5134008972072965
450,26,b_Intercept,3.341128181452301,2.8301525639446,3.909920443982643
450,26,b_syntax_dev1,1.0705652156168028,0.8754755101908634,1.2818766954112184
450,26,b_syntax_dev1:trial_dev1,0.3130852778062951,0.12307878669467073,0.5051904583709418
450,26,b_trial_dev1,-0.40548370226900593,-0.8208929707390142,-0.011379998135895008
450,26,critical_pred,2.9891319459107994,2.33218905727291,3.711658580478626
450,26,critical_subj,4.504091821531815,3.7517033607375487,5.323783128758046
450,26,filler_pred,1.5519939857601974,0.9248365762239507,2.1990892564497093
450,26,filler_subj,4.319294972606393,3.571496082797357,5.1290992391454155
450,26,syntax_critical,1.5149598756210154,0.9857031005417746,2.0693163404655666
450,26,syntax_filler,2.767300986846196,2.207535052649596,3.372280896255954
450,27,b_Intercept,2.7714593666585388,2.31152026885162,3.293367354850273
450,27,b_syntax_dev1,0.6780066343809611,0.3964740033867785,0.9873884425330448
450,27,b_syntax_dev1:trial_dev1,0.40794741617693997,0.10304921450635239,0.7232246830050199
450,27,b_trial_dev1,-0.4633682398543145,-0.9946409661407278,0.07925147487421667
450,27,critical_pred,2.9647683883088325,2.145940154230993,3.8549206969583745
450,27,critical_subj,3.5048868247168747,2.6650037955055947,4.386854237837351
450,27,filler_pred,1.2221370762463233,0.4366315910474936,2.0280203259958443
450,27,filler_subj,3.3940451773621256,2.5975292914982733,4.269425885056515
450,27,syntax_critical,0.5401184364080422,-0.29346657606355026,1.3697937753897647
450,27,syntax_filler,2.171908101115802,1.355596929663857,3.048051869359149
450,28,b_Intercept,3.382003959133115,2.929231380477027,3.900692776956322
450,28,b_syntax_dev1,0.788736288850282,0.2766968496134856,1.3140685137622163
450,28,b_syntax_dev1:trial_dev1,-0.056126090676472215,-0.21554927509250635,0.11095975572827396
450,28,b_trial_dev1,-0.03619498039837502,-0.41735442346252316,0.3303263575800629
450,28,critical_pred,2.5733365600047358,1.8453784384802934,3.357095683765074
450,28,critical_subj,4.263061319058244,3.4660376280795857,5.157664844247788
450,28,filler_pred,2.61319878056093,1.8728389693146894,3.418831953897656
450,28,filler_subj,4.078419176908549,3.2525033883879213,4.972358009634621
450,28,syntax_critical,1.6897247590535085,0.6344622382014636,2.8173504012532855
450,28,syntax_filler,1.4652203963476196,0.3781257671969608,2.5459681759116393
450,29,b_Intercept,3.4727967479061874,2.947131061422951,4.079970477496655
450,29,b_syntax_dev1,0.9799184109289177,0.7107021795982712,1.276324406842532
450,29,b_syntax_dev1:trial_dev1,0.012872258901051235,-0.1588747116115333,0.18479732232539492
450,29,b_trial_dev1,-0.5872726994087656,-1.094814893917612,-0.07932399723291371
450,29,critical_pred,3.0930232952870864,2.3325325688091647,3.9173871511184792
450,29,critical_subj,5.027115599342819,4.16174540601256,5.9761997524305395
450,29,filler_pred,1.8927333786674525,1.1660105264019487,2.667840665200617
450,29,filler_subj,3.8783147183273905,3.0791465270637426,4.779665314956518
450,29,syntax_critical,1.9340923040557332,1.289790522405473,2.6401590155557333
450,29,syntax_filler,1.985581339659938,1.3498446394731796,2.6675982856104743
450,30,b_Intercept,3.1261993704685036,2.639248652293743,3.6673221580145148
450,30,b_syntax_dev1,0.8226192056957827,0.4617994987571646,1.190314285264824
450,30,b_syntax_dev1:trial_dev1,0.10801310562793356,-0.055463547609507655,0.27385910739578667
450,30,b_trial_dev1,-0.2970527922827012,-0.8594450364198524,0.2642811605349616
450,30,critical_pred,2.7086460626833557,1.902959638018442,3.557500014014209
450,30,critical_subj,4.137858262819054,3.2512396001036357,5.087983703096892
450,30,filler_pred,1.898514266862086,1.1165447362361414,2.736330239981303
450,30,filler_subj,3.7597788895095188,2.9030409388570946,4.670793373830939
450,30,syntax_critical,1.4292122001356984,0.6378349174498149,2.2091257689164094
450,30,syntax_filler,1.8612646226474325,1.082884175915327,2.645036958843008
450,31,b_Intercept,3.288050970296297,2.7443752533526955,3.876507127636381
450,31,b_syntax_dev1,0.8717807595879177,0.529527495722886,1.2390721542748533
450,31,b_syntax_dev1:trial_dev1,-0.024259181697473604,-0.2039789532961062,0.1444123407496521
450,31,b_trial_dev1,-0.07279061636604992,-0.3492470130986671,0.20730490613711092
450,31,critical_pred,2.4648016453769555,1.79267616046905,3.185746008835942
450,31,critical_subj,4.256881527947738,3.473351400999042,5.090908456074136
450,31,filler_pred,2.3677387760398028,1.691271180294265,3.068489735889283
450,31,filler_subj,4.062781931820691,3.3088528553658683,4.885984813315329
450,31,syntax_critical,1.7920798825707824,1.0120295940008406,2.6097211847978747
450,31,syntax_filler,1.695043155780888,0.9383680344489194,2.51930701636451
450,32,b_Intercept,2.0341310675955455,1.704796024301576,2.3794120600874686
450,32,b_syntax_dev1,0.9121763599451029,0.5570144814732995,1.308180640493541
450,32,b_syntax_dev1:trial_dev1,0.3380178915635183,-0.15128563092644617,0.8443253372210147
450,32,b_trial_dev1,-0.31021014944446856,-0.7090084581150381,0.09246654850392225
450,32,critical_pred,1.7701827486584294,1.0113525867836777,2.5656124251655923
450,32,critical_subj,2.9184996854215988,2.091395190126151,3.763623452591011
450,32,filler_pred,0.47372666664245555,-0.2982015613715786,1.284952040322504
450,32,filler_subj,2.974115169659698,2.1816776120053696,3.856607724814285
450,32,syntax_critical,1.1483169367631694,-0.030304828411644114,2.3590649280007416
450,32,syntax_filler,2.5003885030172426,1.2591016579875804,3.801044303768662
450,33,b_Intercept,2.578327495963034,2.224374072265544,2.968162121715368
450,33,b_syntax_dev1,0.671341562339648,0.3624969256030206,0.9983074252790712
450,33,b_syntax_dev1:trial_dev1,0.0728530543287681,-0.23757003572494312,0.3742798357679245
450,33,b_trial_dev1,0.028556956794150115,-0.19310363294840294,0.25057308694664926
450,33,critical_pred,1.951282031158004,1.3621818500705454,2.559745073829666
450,33,critical_subj,3.148259047179764,2.5299784009340724,3.8304424599443747
450,33,filler_pred,1.8626898360887678,1.3023774553332386,2.464751711648569
450,33,filler_subj,3.3510790694256003,2.7319618401500954,4.029085910980216
450,33,syntax_critical,1.19697701602176,0.3601092880905671,2.0913550994595096
450,33,syntax_filler,1.4883892333368325,0.6335290627728878,2.3875470494215234
450,34,b_Intercept,2.7637687427942876,2.274153747629954,3.283095974070527
450,34,b_syntax_dev1,0.2920308060098481,-0.05067408993164035,0.6289074797243196
450,34,b_syntax_dev1:trial_dev1,-0.041488841946100266,-0.3625084957595224,0.2903869481292185
450,34,b_trial_dev1,-0.11258910752213756,-0.3364110345284703,0.11964154105283471
450,34,critical_pred,2.542838202360477,1.8494004787059604,3.265323983769167
450,34,critical_subj,3.2098774982723737,2.472424855466863,3.9657954428714923
450,34,filler_pred,2.4006376712084023,1.7262439860714194,3.1374745188612336
450,34,filler_subj,2.901721599335898,2.1815634437701603,3.644378376314694
450,34,syntax_critical,0.6670392959118968,-0.2907779875554479,1.6049460946103538
450,34,syntax_filler,0.5010839281274957,-0.3905380290549198,1.4322848991689696
450,35,b_Intercept,3.4091453860640053,2.96286823195875,3.911828035307749
450,35,b_syntax_dev1,0.723088142237122,0.5120829224057825,0.9538026157997199
450,35,b_syntax_dev1:trial_dev1,0.28584873876379896,0.0013748981897223841,0.5777299536640267
450,35,b_trial_dev1,0.0495992180291902,-0.3393203617291329,0.43141717416803327
450,35,critical_pred,2.922306764561492,2.2668268391062933,3.61369804085823
450,35,critical_subj,3.796785571508138,3.112382352460911,4.55108603156973
450,35,filler_pred,2.4498077230922743,1.790485977491125,3.1621454228907204
450,35,filler_subj,4.467681485094117,3.7423636991465554,5.261759735533335
450,35,syntax_critical,0.8744788069466463,0.18491637182284884,1.5938952825823574
450,35,syntax_filler,2.017873762001842,1.3158510642409365,2.7663789887125145
450,36,b_Intercept,2.998095903816765,2.5920424153876764,3.4458924821547408
450,36,b_syntax_dev1,0.8034625059517257,0.5441755525663533,1.0731926147954969
450,36,b_syntax_dev1:trial_dev1,0.2069757737531843,0.01272668101129473,0.4092015657622552
450,36,b_trial_dev1,0.4125580068880335,-0.19252591279702996,1.0139949375817685
450,36,critical_pred,1.9890511647301903,1.2460525011569548,2.788303764152803
450,36,critical_subj,3.182024629127273,2.393264168728615,4.009872482834343
450,36,filler_pred,2.4002156309998885,1.6054622712060704,3.1948842302639457
450,36,filler_subj,4.421092190409709,3.559360941850597,5.302309601854308
450,36,syntax_critical,1.192973464397083,0.5611411976209735,1.8298827246374254
450,36,syntax_filler,2.02087655940982,1.3593981806093969,2.718109151538342
450,37,b_Intercept,3.0308801513070294,2.6127687007677536,3.5081609388015074
450,37,b_syntax_dev1,0.7145260953243823,0.332230218371042,1.1024472734297062
450,37,b_syntax_dev1:trial_dev1,0.22489260367185646,0.03568878814963261,0.4231995729817554
450,37,b_trial_dev1,-0.17859962592451234,-0.6236795554452228,0.2701209461166138
450,37,critical_pred,2.719846285579016,1.998980607621292,3.4978111940938166
450,37,critical_subj,3.6991132688840676,2.9431796873480134,4.514323590171052
450,37,filler_pred,1.9128618263862784,1.2323291475591687,2.6477983483332794
450,37,filler_subj,3.791699224378756,3.0046388084070648,4.627685966815563
450,37,syntax_critical,0.9792669833050517,0.13325947194313054,1.834956214503818
450,37,syntax_filler,1.8788373979924775,1.019939793044416,2.7488923562371608
450,38,b_Intercept,3.0109316140288134,2.5175379794640778,3.5441690382726025
450,38,b_syntax_dev1,0.805729977190953,0.6479831875149278,0.9735601131130032
450,38,b_syntax_dev1:trial_dev1,-0.00357909766295878,-0.17310148793358554,0.16876318326419762
450,38,b_trial_dev1,-0.10702801285851933,-0.39875725117872046,0.1948948896132122
450,38,critical_pred,2.308650552033421,1.7057541338144868,2.9328607631163495
450,38,critical_subj,3.9272687017412444,3.2586115602871275,4.651554169233827
450,38,filler_pred,2.1017527216423,1.5196974885873327,2.7036027662278204
450,38,filler_subj,3.7060544806982882,3.064636071911132,4.399673896297559
450,38,syntax_critical,1.6186181497078234,1.1571704447485665,2.113045449553902
450,38,syntax_filler,1.6043017590559883,1.1427316169583892,2.0972328171995844
450,39,b_Intercept,3.141069230736012,2.6844656237696487,3.62292477227854
450,39,b_syntax_dev1,0.6696381365328204,0.3390796573776285,1.006318871178763
450,39,b_syntax_dev1:trial_dev1,0.1553019176946074,-0.023452308959454188,0.33799905196795854
450,39,b_trial_dev1,0.039614627707715115,-0.31417838927427233,0.41324116818730555
450,39,critical_pred,2.587118384190084,1.9085088134617352,3.280798081507177
450,39,critical_subj,3.61579082186651,2.9318075015256677,4.357209615327324
450,39,filler_pred,2.3557438042162993,1.7030820304189258,3.0326715449822204
450,39,filler_subj,4.0056239126711555,3.3043410322346265,4.768708906021311
450,39,syntax_critical,1.028672437676426,0.2871525585065142,1.8140579159781804
450,39,syntax_filler,1.6498801084548558,0.8916913937566825,2.4110132357940497
450,40,b_Intercept,3.9752178708883883,3.357920837236688,4.6806077202444
450,40,b_syntax_dev1,0.9328425053306004,0.7130047625016985,1.1737365650197518
450,40,b_syntax_dev1:trial_dev1,0.13728251521711404,-0.08430343141247033,0.36518326153820035
450,40,b_trial_dev1,-0.07797899011334476,-0.7492779011159564,0.5850859451210645
450,40,critical_pred,3.2576368708882466,2.374833150503616,4.259888561738214
450,40,critical_subj,4.848756851115219,3.869377574747444,5.947419361763462
450,40,filler_pred,2.8271138602273287,1.9448957306094183,3.7716621746536547
450,40,filler_subj,4.9673639013227575,3.9757881250556197,6.093471875741718
450,40,syntax_critical,1.5911199802269729,0.9654168275749128,2.228138925970555
450,40,syntax_filler,2.140250041095429,1.5139907214090966,2.8372932978896697
450,41,b_Intercept,2.269214286274729,1.9492164902896532,2.6131840568494575
450,41,b_syntax_dev1,0.5731133836058793,0.3569220784082924,0.803238155219134
450,41,b_syntax_dev1:trial_dev1,-0.1765455774988792,-0.4726465998754858,0.12681486120584454
450,41,b_trial_dev1,-0.10723529430870055,-0.414341198633591,0.1937913838043559
450,41,critical_pred,1.6267906194786712,1.0884051995242745,2.1841101331460187
450,41,critical_subj,3.1261085416881884,2.5343305755384313,3.7530885220675274
450,41,filler_pred,1.7654111858590285,1.2140634327175837,2.3251418075856707
450,41,filler_subj,2.5585467980730288,1.9942379452688288,3.1485356446701704
450,41,syntax_critical,1.499317922209517,0.7588991749012395,2.2605110808234103
450,41,syntax_filler,0.7931356122140002,0.0815387540191927,1.5136144805623906
450,42,b_Intercept,3.1432070773786465,2.669177424880683,3.695415368088435
450,42,b_syntax_dev1,0.8612572183544575,0.6232278491694911,1.1128155183056547
450,42,b_syntax_dev1:trial_dev1,0.08100307372078147,-0.07809799029976082,0.23800281411556923
450,42,b_trial_dev1,0.005304781790554358,-0.4446951059772584,0.4596667806619568
450,42,critical_pred,2.3576481509544163,1.6768868730998028,3.08024844423302
450,42,critical_subj,3.918156440221768,3.177464277032372,4.741187961850008
450,42,filler_pred,2.206251567093962,1.5462294772734728,2.927421993361369
450,42,filler_subj,4.0907721512444395,3.34380603308833,4.8918673946012445
450,42,syntax_critical,1.5605082892673519,1.0000247829240256,2.1399374328251914
450,42,syntax_filler,1.8845205841504777,1.3110366772897557,2.4839150971356614
450,43,b_Intercept,3.006390001857189,2.5799677803203553,3.4634722265682525
450,43,b_syntax_dev1,0.3528900848560864,0.14655791373084945,0.567413260234978
450,43,b_syntax_dev1:trial_dev1,0.17843878543224145,-0.04382214706490539,0.3960545822424829
450,43,b_trial_dev1,0.12246874977508178,-0.47985742215707733,0.6823784808567014
450,43,critical_pred,2.7094699526582624,1.949032010454792,3.5151383936895435
450,43,critical_subj,3.0583725515059523,2.2947597532379875,3.8788720643317647
450,43,filler_pred,2.597529881343943,1.8414949907043527,3.3563995566765534
450,43,filler_subj,3.6601876219205987,2.8768947642635117,4.498619635892298
450,43,syntax_critical,0.3489025988476899,-0.24402777950006016,0.9611726330470466
450,43,syntax_filler,1.0626577405766557,0.4605697635472876,1.6678066502634388
450,44,b_Intercept,3.0392529993095563,2.4220154957221363,3.6986017797099655
450,44,b_syntax_dev1,0.6423399387969658,0.4042101520887809,0.8861960154478178
450,44,b_syntax_dev1:trial_dev1,-0.19978611525475629,-0.823826736560938,0.42226017514073366
450,44,b_trial_dev1,0.09707236422532528,-0.3824170544229084,0.566159146589689
450,44,critical_pred,2.100054581032509,1.0959420681615994,3.1045655007121424
450,44,critical_subj,3.784306689135953,2.7617683007178875,4.869933477369186
450,44,filler_pred,2.693771539992672,1.696548004721525,3.7573711367602725
450,44,filler_subj,3.5788791870770913,2.571550499848028,4.645288755256682
450,44,syntax_critical,1.6842521081034443,0.34155071557625416,3.0139812469714333
450,44,syntax_filler,0.8851076470844191,-0.46193572596375054,2.2223859626764355
450,45,b_Intercept,2.1956751861676613,1.8282109951109808,2.5722353658784893
450,45,b_syntax_dev1,0.6624376842862931,0.5058968585514468,0.8226267818222348
450,45,b_syntax_dev1:trial_dev1,0.10558821532879462,-0.046858167898956506,0.26171816457554553
450,45,b_trial_dev1,-0.3469543234130367,-0.8191950662136007,0.12801384331334945
450,45,critical_pred,1.9857800406231996,1.3581822076921923,2.6318777187768485
450,45,critical_subj,3.0994789785381966,2.450842339624552,3.7752098306708834
450,45,filler_pred,1.080694963139537,0.4521043992541725,1.6948640552399248
450,45,filler_subj,2.6167467623697127,1.9946962210235266,3.276360017188514
450,45,syntax_critical,1.113698937914997,0.6669606606585626,1.5558144420874338
450,45,syntax_filler,1.5360517992301754,1.1086413427537745,1.9831736478032367
450,46,b_Intercept,3.4360775211695342,3.0179404360714663,3.9169938102805797
450,46,b_syntax_dev1,0.14903449969794566,-0.054403546002173474,0.3590187876835505
450,46,b_syntax_dev1:trial_dev1,-0.5553819167016181,-0.7225367601022911,-0.39900996808669825
450,46,b_trial_dev1,0.08640722249491653,-0.3466537918216179,0.5071550571640414
450,46,critical_pred,2.6452538822750538,2.0482837900419404,3.283460710524913
450,46,critical_subj,4.054086715074181,3.39706178246325,4.795375141875785
450,46,filler_pred,3.928832160668123,3.254494276533341,4.6205317479524775
450,46,filler_subj,3.116137326660778,2.488642061173902,3.779930721021372
450,46,syntax_critical,1.4088328327991275,0.8875906738062886,1.9551755812695544
450,46,syntax_filler,-0.8126948340073449,-1.32898575425792,-0.29801250365964255
450,47,b_Intercept,3.210389476593522,2.646106633880037,3.792822316338928
450,47,b_syntax_dev1,0.9148085165457963,0.4642221445106546,1.4109647838587303
450,47,b_syntax_dev1:trial_dev1,-0.4599938158783894,-0.7156491469415763,-0.2081471674074315
450,47,b_trial_dev1,0.15571066360539718,-0.33376046247545793,0.6737801908026173
450,47,critical_pred,1.679876480563939,0.8049950603133768,2.5781837230124416
450,47,critical_subj,4.429481145412311,3.470003856035267,5.452628137274666
450,47,filler_pred,2.911285439531512,1.9993867463369275,3.8242062430219246
450,47,filler_subj,3.820914840866326,2.909463359833827,4.7856961101289075
450,47,syntax_critical,2.7496046648483716,1.7076323568183196,3.8721439253726335
450,47,syntax_filler,0.909629401334814,-0.10096147819351235,1.9723525127191188
450,48,b_Intercept,3.4874106010112134,2.8793961192513735,4.1598653115836886
450,48,b_syntax_dev1,0.8405857502309495,0.4202765378879202,1.280500286181219
450,48,b_syntax_dev1:trial_dev1,0.06106950764096929,-0.3730926424149658,0.4992241843966021
450,48,b_trial_dev1,-0.0922368116145269,-0.38046108316667704,0.1959270707048631
450,48,critical_pred,2.80013117003576,1.962574472663297,3.7239410784271616
450,48,critical_subj,4.3591636552157205,3.4510953417112447,5.320388769178031
450,48,filler_pred,2.4935185315247677,1.6301568074156758,3.3800975993141744
450,48,filler_subj,4.296829047268605,3.395228537314046,5.311018490190973
450,48,syntax_critical,1.5590324851799604,0.37544396387539886,2.7728880730773358
450,48,syntax_filler,1.8033105157438376,0.6325580287587773,3.0229240718996437
450,49,b_Intercept,2.461900747389429,2.0323424244169184,2.9181981579087597
450,49,b_syntax_dev1,0.6978393841359856,0.5391936875336155,0.866730664346297
450,49,b_syntax_dev1:trial_dev1,-0.025120198776506494,-0.3012401632028442,0.25722371588292375
450,49,b_trial_dev1,-0.45570185213827374,-0.6295210068750167,-0.29593670986490817
450,49,critical_pred,2.1946430166152107,1.652890340901131,2.761517675586477
450,49,critical_subj,3.6405621824401946,3.043084391090751,4.293938161429096
450,49,filler_pred,1.333479709891676,0.8216642545583211,1.851601947894779
450,49,filler_subj,2.678918080610634,2.114775343243002,3.260585547491022
450,49,syntax_critical,1.4459191658249841,0.7932681496642853,2.111212892038715
450,49,syntax_filler,1.345438370718958,0.7232761498743911,1.972332629416117
450,50,b_Intercept,3.3344047992117307,2.822180971278595,3.8969591900643317
450,50,b_syntax_dev1,0.8528523342528496,0.5979959113987273,1.1247709317656691
450,50,b_syntax_dev1:trial_dev1,-0.15361730780563795,-0.33146001080717086,0.02061389662520775
450,50,b_trial_dev1,-0.4908906697874704,-0.7417884947286665,-0.24581566115582432
450,50,critical_pred,2.8188258269407136,2.2143519991329814,3.4784545174670978
450,50,critical_subj,4.831765111057688,4.083740539528767,5.64666083018045
450,50,filler_pred,2.1442791029770487,1.5746488779761365,2.746845993555064
450,50,filler_subj,3.542749155871472,2.8859677822031755,4.242691572494368
450,50,syntax_critical,2.012939284116975,1.3823861047367483,2.685605276955568
450,50,syntax_filler,1.3984700528944232,0.7982941013050141,2.0072470608283424
450,51,b_Intercept,3.164250806068491,2.2776716582645986,4.108812819861808
450,51,b_syntax_dev1,0.7372122528032139,0.46254397867178904,1.0272481915020502
450,51,b_syntax_dev1:trial_dev1,-0.09966752822250868,-0.33409028296927257,0.13060387950871608
450,51,b_trial_dev1,-0.03447579270186324,-0.23001222957777193,0.1802447270522346
450,51,critical_pred,2.3618468177446315,1.4269194283080118,3.3356871437900093
450,51,critical_subj,4.035606379796077,3.0305877306044073,5.095834759448998
450,51,filler_pred,2.4922302887859225,1.5647194366908754,3.4992786437493777
450,51,filler_subj,3.7673197379473327,2.7682444218262026,4.828527133591005
450,51,syntax_critical,1.6737595620514452,0.9689957567430715,2.4258397828233433
450,51,syntax_filler,1.2750894491614104,0.5834791368641042,1.9927367788065504
450,52,b_Intercept,2.4170032067206013,1.9349029771625517,2.9247483353140984
450,52,b_syntax_dev1,0.45689028343325677,0.2629553674413446,0.6614596214375723
450,52,b_syntax_dev1:trial_dev1,-0.37196700650050846,-0.6097999750914491,-0.13417564850293856
450,52,b_trial_dev1,-0.5682218088424081,-0.8398126472601686,-0.291612053142618
450,52,critical_pred,2.156367725629244,1.5215598916209847,2.808071131496402
450,52,critical_subj,3.814082305496775,3.1383618984576356,4.540790379829184
450,52,filler_pred,1.763858120945445,1.1559316575711205,2.4012401367298826
450,52,filler_subj,1.9337046748109417,1.3187775216413602,2.5617245525579335
450,52,syntax_critical,1.6577145798675306,1.0252412664787078,2.326130148238427
450,52,syntax_filler,0.1698465538654966,-0.42079638930894364,0.7844554098728322
450,53,b_Intercept,3.0654548510584942,2.5908904250479967,3.5685781896571527
450,53,b_syntax_dev1,0.8017844233262277,0.5775803968940394,1.0380475500738902
450,53,b_syntax_dev1:trial_dev1,0.029324987600788253,-0.4241194677118864,0.4968869732858437
450,53,b_trial_dev1,-0.5629093438026057,-1.0880463897889456,-0.059181439878336586
450,53,critical_pred,2.8559047591356603,2.0321062588009164,3.7556754083638504
450,53,critical_subj,4.400823630586539,3.506784487598247,5.355127320156573
450,53,filler_pred,1.6714360963288724,0.8634922568910559,2.467575035751769
450,53,filler_subj,3.333654918182904,2.4720167174218926,4.206601124867527
450,53,syntax_critical,1.5449188714508788,0.5199692527910158,2.5496667089100793
450,53,syntax_filler,1.662218821854032,0.6664004131324328,2.70101335593418
450,54,b_Intercept,3.064639826674722,2.5898348780005174,3.5785986022450884
450,54,b_syntax_dev1,0.8490953112851989,0.6006674398045099,1.1215391955779246
450,54,b_syntax_dev1:trial_dev1,0.17159446309598242,-0.4185047466859793,0.7788631153223936
450,54,b_trial_dev1,-0.17128218753820248,-0.5926842758519213,0.2512178339362384
450,54,critical_pred,2.558421166023708,1.7045937800906605,3.447119741832712
450,54,critical_subj,3.913422862402141,2.9987452652880613,4.910937231544811
450,54,filler_pred,1.8726678647553383,1.010796414369532,2.7612398623152363
450,54,filler_subj,3.914047413517701,3.0187238644161387,4.873314254261314
450,54,syntax_critical,1.355001696378433,0.05787935384623157,2.614161053092508
450,54,syntax_filler,2.0413795487623627,0.725512004495947,3.387078858903769
450,55,b_Intercept,2.3996014752939887,2.0181372796624033,2.80679821340382
450,55,b_syntax_dev1,0.47187432171427085,0.2461183572898707,0.707838162444617
450,55,b_syntax_dev1:trial_dev1,-0.3354444065899767,-0.5932741687228342,-0.09122835131794979
450,55,b_trial_dev1,-0.0013592362418476688,-0.3759869288266481,0.36185700276069716
450,55,critical_pred,1.5936419832315887,0.9736587881807682,2.2059184234565747
450,55,critical_subj,3.208279439840084,2.564907935944146,3.8885958886725125
450,55,filler_pred,2.2618123239278467,1.6453459577330738,2.898979545478763
450,55,filler_subj,2.534672154176435,1.892812779984158,3.1681730167146074
450,55,syntax_critical,1.6146374566084951,0.9587529559448112,2.323104852221257
450,55,syntax_filler,0.27285983024858834,-0.42122637123356765,0.9475258178410602
450,56,b_Intercept,2.211366471048393,1.7996369347674614,2.662533689489403
450,56,b_syntax_dev1,0.8773783050949936,0.7093441894354774,1.0627001609466666
450,56,b_syntax_dev1:trial_dev1,0.2912468200165673,0.13604950803097274,0.4505546179069139
450,56,b_trial_dev1,-0.2887759042974806,-0.7759824320867502,0.1822950894422291
450,56,critical_pred,1.9140108902674473,1.2810841096268548,2.584545248683084
450,56,critical_subj,3.0862738604243,2.418335283924494,3.7963096538521506
450,56,filler_pred,0.7539654416393514,0.11279598497805789,1.405818895723634
450,56,filler_subj,3.091215691862473,2.3986189704748644,3.8442406084669245
450,56,syntax_critical,1.1722629701568525,0.7340319417980535,1.6448689216807764
450,56,syntax_filler,2.337250250223122,1.870662418442299,2.8554352139829895
450,57,b_Intercept,3.321563000629226,2.824190238778895,3.8770545854277336
450,57,b_syntax_dev1,0.7220201860979035,0.46496900748686787,0.9942454550729657
450,57,b_syntax_dev1:trial_dev1,-0.32368427067724886,-0.599318624850643,-0.052914279640861116
450,57,b_trial_dev1,-0.20231439148924987,-0.7373562602899525,0.33966198017630994
450,57,critical_pred,2.4781729353433235,1.6855462766551315,3.3380982182484003
450,57,critical_subj,4.569581848893628,3.71808315357913,5.5069709094254735
450,57,filler_pred,2.7209126937193213,1.9381216819806304,3.572007841621457
450,57,filler_subj,3.5175845245606303,2.7065020576164907,4.376896853942855
450,57,syntax_critical,2.0914089135503047,1.3502741470636894,2.906075714984806
450,57,syntax_filler,0.7966718308413092,0.06150136262809893,1.538150028024293
450,58,b_Intercept,3.289971605626952,2.8082896632547376,3.833947180566845
450,58,b_syntax_dev1,0.925557715309948,0.7278470254345765,1.1355756638171146
450,58,b_syntax_dev1:trial_dev1,-0.4008598105329632,-0.6317168708622475,-0.1790519832954307
450,58,b_trial_dev1,-0.4859230265897009,-0.9518312295433866,-0.02709219187761909
450,58,critical_pred,2.449477106373742,1.7533356131600892,3.1588872709879943
450,58,critical_subj,5.102312158059564,4.295995167408864,5.990568657697175
450,58,filler_pred,2.2793506742602667,1.6209759496921083,2.984332450738629
450,58,filler_subj,3.328746483814236,2.6130565585185055,4.093937194457659
450,58,syntax_critical,2.6528350516858223,2.020293851772158,3.3419983108942914
450,58,syntax_filler,1.0493958095539695,0.48500316240224844,1.6081831266031676
450,59,b_Intercept,4.006264665612684,3.4421087676862276,4.622137395590104
450,59,b_syntax_dev1,0.663489605182657,0.45951295051058755,0.8755842669651868
450,59,b_syntax_dev1:trial_dev1,0.30550943408716524,-0.008499614646259661,0.6210449288533761
450,59,b_trial_dev1,0.5930624667021125,0.2524141643101712,0.9396909771400993
450,59,critical_pred,3.05522202781508,2.347469399836042,3.826912581038448
450,59,critical_subj,3.7711823700060636,3.0328830183037514,4.5770223525889575
450,59,filler_pred,3.6303280930449744,2.917317711306143,4.405740942953306
450,59,filler_subj,5.568326171584619,4.722974634899484,6.488549554269037
450,59,syntax_critical,0.7159603421909834,-0.024573131248675162,1.461978059935544
450,59,syntax_filler,1.9379980785396445,1.1697416380919559,2.7160240460763156
450,60,b_Intercept,2.712491469047508,2.216335192098372,3.249631657269029
450,60,b_syntax_dev1,1.0078307105056743,0.7612727519560955,1.2716587585348003
450,60,b_syntax_dev1:trial_dev1,-0.08172897974490746,-0.41840048201729085,0.24554593511042733
450,60,b_trial_dev1,-0.7635924895997506,-0.9913074554127711,-0.5439615704527307
450,60,critical_pred,2.386524268396677,1.7239576391001639,3.0714324335453056
450,60,critical_subj,4.56564364889784,3.80465236892496,5.394807218354327
450,60,filler_pred,1.0227972486869905,0.40604835034342485,1.6373301582662785
450,60,filler_subj,2.875000710208524,2.2154912877339035,3.594064179475157
450,60,syntax_critical,2.1791193805011635,1.3616108264106375,3.0228883021218182
450,60,syntax_filler,1.8522034615215337,1.0288975601693622,2.6933145395379663
450,61,b_Intercept,3.2601958174404193,2.786800690446511,3.7881892557980925
450,61,b_syntax_dev1,0.6216164604478137,0.1783429684818279,1.078363060358714
450,61,b_syntax_dev1:trial_dev1,-0.05694447500488574,-0.3732948946804599,0.2619106658627814
450,61,b_trial_dev1,0.2930184548555737,0.02129829415479016,0.5796663154401791
450,61,critical_pred,2.2886164271321463,1.5769629751345868,3.0389584401567107
450,61,critical_subj,3.645738298037545,2.891277905951127,4.494966693712505
450,61,filler_pred,2.988542286853065,2.2399813349724744,3.7908641101062983
450,61,filler_subj,4.117886257738921,3.312651540793475,4.9933830131930526
450,61,syntax_critical,1.357121870905399,0.302278948345601,2.4414886792033803
450,61,syntax_filler,1.129343970885856,0.022862826388792255,2.2729826813762917
450,62,b_Intercept,2.557101725520999,2.092704881125027,3.0296863176080793
450,62,b_syntax_dev1,0.7259457535571616,0.5720955561418654,0.8870063916057409
450,62,b_syntax_dev1:trial_dev1,0.24577895030685012,-0.033661740622411944,0.5161783375260426
450,62,b_trial_dev1,0.06639147982506313,-0.2488801575038375,0.3727692576717189
450,62,critical_pred,2.0105434424456243,1.3815242742317444,2.637569698331997
450,62,critical_subj,2.9708770489462473,2.3186038840795167,3.6199853699911366
450,62,filler_pred,1.6517685014820502,1.037829591898062,2.2809843024240384
450,62,filler_subj,3.595217909210074,2.935622676190964,4.26676824294556
450,62,syntax_critical,0.960333606500623,0.34838134005237864,1.5850520762349478
450,62,syntax_filler,1.9434494077280235,1.3118051152330166,2.5871202942742078
450,63,b_Intercept,4.090715845175291,3.415046650614025,4.848300195441291
450,63,b_syntax_dev1,0.6902121133096474,0.318496290195502,1.079308268029766
450,63,b_syntax_dev1:trial_dev1,-0.15161122348774214,-0.551258903932437,0.2549802583156302
450,63,b_trial_dev1,0.00823941743931293,-0.4208185257927823,0.424027380243473
450,63,critical_pred,3.2406530909385887,2.346078052081135,4.20511585201565
450,63,critical_subj,4.924299764533368,3.9603374680495285,6.031074186602565
450,63,filler_pred,3.5603543727926987,2.63670631819855,4.5774153272324885
450,63,filler_subj,4.63755615243651,3.678268062334601,5.721215905556524
450,63,syntax_critical,1.683646673594779,0.5830824338156562,2.8624581846031867
450,63,syntax_filler,1.0772017796438105,-0.0026204278547606492,2.1922108467834946
450,64,b_Intercept,3.4133460879594075,2.8477578610602374,4.034456905180094
450,64,b_syntax_dev1,0.8086622891603173,0.6261904540272651,1.0054886270988292
450,64,b_syntax_dev1:trial_dev1,-0.24077760640648233,-0.5654239254922869,0.07832464454261874
450,64,b_trial_dev1,0.12287539139074502,-0.2808200132273632,0.5307960780919313
450,64,critical_pred,2.241030801001863,1.516448220894232,3.010082235510775
450,64,critical_subj,4.339910592135462,3.519289234782516,5.216663225793569
450,64,filler_pred,2.9683367965963177,2.2198003230327723,3.7504118479634587
450,64,filler_subj,4.104106162103988,3.2923476838694783,4.952392462794219
450,64,syntax_critical,2.0988797911335992,1.3815607092978914,2.8573828987905547
450,64,syntax_filler,1.13576936550767,0.41838756497039853,1.8824163340874294
450,65,b_Intercept,3.185813778840974,2.6287859311114987,3.812238036275943
450,65,b_syntax_dev1,0.6721213436218237,0.3686700721155231,0.9775617742180827
450,65,b_syntax_dev1:trial_dev1,0.024986917077274955,-0.472045080010118,0.549188231392283
450,65,b_trial_dev1,0.3428546532950519,-0.00674840434205536,0.6997910229363696
450,65,critical_pred,2.1958246990013737,1.388222291588489,3.055011529562135
450,65,critical_subj,3.490093552090471,2.625535763069008,4.423484115205515
450,65,filler_pred,2.8315601714369274,1.9867016346299753,3.7580320559608875
450,65,filler_subj,4.225776692835125,3.2892342485037367,5.22974885197214
450,65,syntax_critical,1.2942688530890976,0.12577994373761422,2.412051037367016
450,65,syntax_filler,1.3942165213981972,0.21136281417425865,2.6031522246357994
450,66,b_Intercept,3.437315680419285,2.8336279230317127,4.065994184764591
450,66,b_syntax_dev1,0.528945563279351,0.34153471508281497,0.7202589421901827
450,66,b_syntax_dev1:trial_dev1,-0.16497363840939808,-0.5637962036389503,0.23911445666807837
450,66,b_trial_dev1,-0.27710400283218856,-0.7499101092990212,0.18512055807280892
450,66,critical_pred,3.0205004815627245,2.181414772903734,3.896561024746436
450,66,critical_subj,4.408338884940222,3.5063989521166454,5.348676928981047
450,66,filler_pred,2.7962397527171436,1.978473833101272,3.663621783646272
450,66,filler_subj,3.5241836024570494,2.644548604777011,4.439012424161382
450,66,syntax_critical,1.3878384033774982,0.5003858751631236,2.267666952840658
450,66,syntax_filler,0.7279438497399059,-0.131427846496343,1.6039893477814458
450,67,b_Intercept,2.6794257367423935,2.274663611348568,3.125103949568931
450,67,b_syntax_dev1,0.39855397221171796,0.12457489468525293,0.6616262934063403
450,67,b_syntax_dev1:trial_dev1,-0.22546146997434707,-0.4867686584507085,0.031722249152961575
450,67,b_trial_dev1,-0.23123901436587443,-0.6272685322058845,0.1523677731075668
450,67,critical_pred,2.2866493089222026,1.6327918351886066,2.971849825928383
450,67,critical_subj,3.534680193294333,2.8373339259998644,4.29242900118657
450,67,filler_pred,2.275094220139148,1.5930178021432935,2.9665764535752746
450,67,filler_subj,2.62127922461389,1.9664020647848022,3.3041413969934172
450,67,syntax_critical,1.24803088437213,0.49362069111404494,2.003293882742205
450,67,syntax_filler,0.34618500447474176,-0.3756138814704993,1.0902836541220633
450,68,b_Intercept,4.2710156027276005,3.628507234829575,4.9550858978471215
450,68,b_syntax_dev1,0.7714762630179121,0.31386012340166036,1.216080740765584
450,68,b_syntax_dev1:trial_dev1,0.3125302804519483,0.08893225969868689,0.5401343361042696
450,68,b_trial_dev1,-0.11125399948316804,-0.7779177768107721,0.5382416512956082
450,68,critical_pred,3.923323619644805,2.9251101222268465,4.9796714294186515
450,68,critical_subj,4.841215584776733,3.803193104013204,5.936714868498502
450,68,filler_pred,3.0757550597745724,2.093253894678827,4.0636519373526525
450,68,filler_subj,5.243768146714293,4.177379784544972,6.3919229461465195
450,68,syntax_critical,0.9178919651319274,-0.0802069947213092,1.9032322677090674
450,68,syntax_filler,2.1680130869397205,1.162140747412626,3.1656097679868966
450,69,b_Intercept,2.9584926120495023,2.3073424706210486,3.6582639960613914
450,69,b_syntax_dev1,0.5009998726016603,0.19722757190522272,0.8300296193623
450,69,b_syntax_dev1:trial_dev1,0.35269055491247847,0.1431836115818401,0.5684600217252369
450,69,b_trial_dev1,-0.0256327078226418,-0.2686061420505194,0.21050052417677073
450,69,critical_pred,2.8358160021829626,2.037954344950938,3.667909427454932
450,69,critical_subj,3.1324346375613263,2.356569871130992,3.979039376824828
450,69,filler_pred,2.079169476712722,1.3119278264780694,2.8976337052868675
450,69,filler_subj,3.7865503317409996,2.9545755772265623,4.660521159382409
450,69,syntax_critical,0.29661863537836375,-0.4537553789439147,1.0699398826825213
450,69,syntax_filler,1.7073808550282776,0.9759723177220312,2.5190431376119444
450,70,b_Intercept,3.298978951441274,2.7616292678717107,3.9053685196800445
450,70,b_syntax_dev1,0.748742114161548,0.47547566378167494,1.0311974323033881
450,70,b_syntax_dev1:trial_dev1,0.38079912665197374,0.06311122060020065,0.7084280746808795
450,70,b_trial_dev1,0.3266251700928653,-0.08119683167263347,0.7458070998730232
450,70,critical_pred,2.6044107938388343,1.8398433593222492,3.411588572052137
450,70,critical_subj,3.340296768857983,2.5520589702016094,4.173198175464241
450,70,filler_pred,2.4960628807206175,1.7400421646443252,3.3061089158267443
450,70,filler_subj,4.755145362347661,3.8716196166397263,5.690599911042576
450,70,syntax_critical,0.7358859750191485,-0.08536276347524328,1.5552077287867163
450,70,syntax_filler,2.2590824816270434,1.3898934740616846,3.1620971657969843
450,71,b_Intercept,2.751369641593499,2.29984799343649,3.263621389779356
450,71,b_syntax_dev1,0.7547089537355425,0.543943240973594,0.9706094541917687
450,71,b_syntax_dev1:trial_dev1,-0.04548741503047485,-0.24097096577628535,0.1599690804160232
450,71,b_trial_dev1,-0.31169878654416633,-0.5263601643386162,-0.09727288660558439
450,71,critical_pred,2.262872059371648,1.7114946039218268,2.8508403715221964
450,71,critical_subj,3.8632647969036826,3.2386360433195973,4.55203052241268
450,71,filler_pred,1.7304493163442651,1.1891215624839917,2.2921136353377167
450,71,filler_subj,3.1488923937544,2.5711917954861025,3.787337483037861
450,71,syntax_critical,1.6003927375320346,1.0273995073240767,2.203710839746481
450,71,syntax_filler,1.4184430774101353,0.8782768866264041,1.9922714898870693
450,72,b_Intercept,2.2685125053098014,1.8853300962678479,2.68454951491533
450,72,b_syntax_dev1,0.8676035874012662,0.6552476238421985,1.0904268310951455
450,72,b_syntax_dev1:trial_dev1,-0.1853210494613366,-0.9117211027515134,0.5518197348341444
450,72,b_trial_dev1,-0.1997119508205735,-0.6095171640114059,0.1989152483995041
450,72,critical_pred,1.4152998192677722,0.49280261632477507,2.3298021251364696
450,72,critical_subj,3.5211490929929776,2.5784274444394346,4.564212879958714
450,72,filler_pred,1.3865180165492983,0.5036157897690696,2.313668042288799
450,72,filler_subj,2.7510830924291576,1.8128915778516561,3.747326121308957
450,72,syntax_critical,2.1058492737252057,0.5886756099425136,3.6116129757209823
450,72,syntax_filler,1.3645650758798593,-0.1259964992800741,2.9110884307285807
450,73,b_Intercept,2.3404893084561262,1.9424276318174911,2.749446761762111
450,73,b_syntax_dev1,0.46462872176217745,0.31252378226338234,0.6187672435281347
450,73,b_syntax_dev1:trial_dev1,0.017344976982275242,-0.1283550569774436,0.1656841683547474
450,73,b_trial_dev1,-0.26696405049478916,-0.5465940369716584,0.013524831878746701
450,73,critical_pred,2.160169614171013,1.6489057792117656,2.676281243614377
450,73,critical_subj,3.0547371037308175,2.513811393748931,3.6198954611954974
450,73,filler_pred,1.5915515592168843,1.0770231416328662,2.1107051346866212
450,73,filler_subj,2.5554989567057897,2.023449802072007,3.1010209022143362
450,73,syntax_critical,0.8945674895598045,0.4600622867110821,1.32309170662211
450,73,syntax_filler,0.9639473974889055,0.5619569103804356,1.3929667893374809
450,74,b_Intercept,3.0008493715359186,2.4967836087523185,3.560902035269445
450,74,b_syntax_dev1,0.8269616213505038,0.6448294376901799,1.0161324110737506
450,74,b_syntax_dev1:trial_dev1,-0.13416529848888814,-0.3064452316839749,0.03498160788687225
450,74,b_trial_dev1,-0.31605909239580743,-0.5182828231025925,-0.11679018029680091
450,74,critical_pred,2.355781544092334,1.7929448433584512,2.9557147960182597
450,74,critical_subj,4.278035383771118,3.600600754680576,5.00325359699527
450,74,filler_pred,1.9919939562784956,1.4589840238404828,2.559291660196637
450,74,filler_subj,3.3775866020017267,2.7736923106907225,4.023793361050932
450,74,syntax_critical,1.9222538396787838,1.3901343288842498,2.474197456972227
450,74,syntax_filler,1.385592645723231,0.9136697705202592,1.8773577881325216
450,75,b_Intercept,2.351026176455724,2.0402676222278506,2.692217417573603
450,75,b_syntax_dev1,0.732322294615991,0.42825507242582594,1.051104886322674
450,75,b_syntax_dev1:trial_dev1,0.3259748889642347,0.18549246918586873,0.4708884582107871
450,75,b_trial_dev1,-0.30114017753099137,-0.6181621978146116,-0.006037837125670843
450,75,critical_pred,2.245818948334959,1.7007135503105029,2.818463682138805
450,75,critical_subj,3.0585137596384713,2.48272115843194,3.661068038176508
450,75,filler_pred,0.9915888153445066,0.4740635358192832,1.5188320278585483
450,75,filler_subj,3.108183182504958,2.5550432752404766,3.7156899657234033
450,75,syntax_critical,0.8126948113035126,0.13817571663154088,1.4924887976807408
450,75,syntax_filler,2.1165943671604515,1.441832944694139,2.8208158586178342
450,76,b_Intercept,2.9800277785280787,2.476060484840173,3.5109107898375482
450,76,b_syntax_dev1,0.7796737258015556,0.6018137516553085,0.96473274510038
450,76,b_syntax_dev1:trial_dev1,0.10640946752272364,-0.07072614263239392,0.288373163309027
450,76,b_trial_dev1,0.17388711287694128,-0.30316490299808496,0.6535885070849761
450,76,critical_pred,2.1328764073723057,1.4234665415722971,2.831807013159504
450,76,critical_subj,3.479404923929969,2.735821120061743,4.242126172575397
450,76,filler_pred,2.267831698080741,1.562178066714254,3.006776490588218
450,76,filler_subj,4.039998084729299,3.2764820780726627,4.8589915477712005
450,76,syntax_critical,1.3465285165576637,0.8588925141005338,1.860378646201637
450,76,syntax_filler,1.7721663866485584,1.2424928295388975,2.303430230575981
450,77,b_Intercept,3.096688324889722,2.6473182509214594,3.605378029376223
450,77,b_syntax_dev1,0.8135451553489209,0.6016822558514255,1.0430793852061218
450,77,b_syntax_dev1:trial_dev1,0.040471618149346834,-0.2049283053345309,0.2891124950003396
450,77,b_trial_dev1,-0.28452424266227555,-0.9058734401289021,0.3353478446703325
450,77,critical_pred,2.6081390303524232,1.7773472268857513,3.4468972271616733
450,77,critical_subj,4.154286104751572,3.314574231459758,5.062819847220276
450,77,filler_pred,1.9581473087291785,1.1833629240181796,2.746836853269367
450,77,filler_subj,3.666180855725714,2.8493081177712805,4.538956121218879
450,77,syntax_critical,1.5461470743991483,0.8981795624147867,2.254486972318287
450,77,syntax_filler,1.7080335469965355,1.0750016495819095,2.358996479478533
450,78,b_Intercept,2.9273437921633527,2.434006306957888,3.435184193040848
450,78,b_syntax_dev1,0.5073617423292816,0.23366810929026252,0.8010236188974209
450,78,b_syntax_dev1:trial_dev1,-0.14677657645729633,-0.37092778828806444,0.06658216493345773
450,78,b_trial_dev1,-0.11044982340409366,-0.5774310678572804,0.3833392339249081
450,78,critical_pred,2.3836552967808684,1.6234168294767573,3.1610534741226695
450,78,critical_subj,3.6919319343540242,2.887971947231863,4.495200290049591
450,78,filler_pred,2.456308802887274,1.720776606199808,3.213979266983392
450,78,filler_subj,3.1774791346312443,2.4226669170041646,3.979902294025201
450,78,syntax_critical,1.3082766375731558,0.6125244297495045,2.0415496445603702
450,78,syntax_filler,0.7211703317439705,0.04074710311984283,1.4317009764901683
450,79,b_Intercept,2.993658992667099,2.508814905260064,3.530520616686539
450,79,b_syntax_dev1,0.7890027825588743,0.548573717549162,1.0417164266684784
450,79,b_syntax_dev1:trial_dev1,0.21215783996813045,0.04318166777878673,0.3892061062681753
450,79,b_trial_dev1,0.13824034128585247,-0.19996909362815316,0.47594364824502106
450,79,critical_pred,2.278573708790503,1.652069221808312,2.93708938189605
450,79,critical_subj,3.4322635939719905,2.771110815198554,4.167929167952711
450,79,filler_pred,2.1307387114259466,1.5002176869566506,2.781306886718575
450,79,filler_subj,4.133059956479956,3.4154464856489652,4.911643029013807
450,79,syntax_critical,1.1536898851814876,0.5766667853549766,1.7493595859403424
450,79,syntax_filler,2.0023212450540098,1.3902477796762145,2.6576919040478955
450,80,b_Intercept,3.410174479778905,2.8906453986389815,4.005957121756679
450,80,b_syntax_dev1,1.1375273539381585,0.4525692184589516,1.834289370979482
450,80,b_syntax_dev1:trial_dev1,0.05695201291468237,-0.1497174429270844,0.2569857296436135
450,80,b_trial_dev1,-0.4888453329075229,-0.9634274301313743,-0.012851257181250752
450,80,critical_pred,2.818444471662952,1.8533796416250328,3.844785677291101
450,80,critical_subj,4.979595153709904,3.9305587368435697,6.125498669889827
450,80,filler_pred,1.7268497800185416,0.7741878406850647,2.6887956942380495
450,80,filler_subj,4.1158085137242235,3.0953765147714094,5.207613439706306
450,80,syntax_critical,2.1611506820469524,0.7284877176339999,3.606521738558653
450,80,syntax_filler,2.3889587337056817,0.994612919878375,3.8615029377370753
450,81,b_Intercept,2.8566778388508083,2.4210853619743915,3.320514406149582
450,81,b_syntax_dev1,0.8933028176818555,0.7373664653458557,1.0549776067274945
450,81,b_syntax_dev1:trial_dev1,0.18947595253132124,0.019737588538896934,0.35660683234868473
450,81,b_trial_dev1,-0.24540501012701268,-0.6788153394658618,0.20315289347972512
450,81,critical_pred,2.398255983827287,1.7471227285034059,3.041488362308883
450,81,critical_subj,3.8059097141283553,3.0996981238662324,4.508834820579706
450,81,filler_pred,1.528494058510619,0.9119057818825153,2.163084213973868
450,81,filler_subj,3.6940515989369724,3.042509817868287,4.39622498401595
450,81,syntax_critical,1.4076537303010686,0.9587402104757164,1.8641108100743369
450,81,syntax_filler,2.1655575404263536,1.7095607945343643,2.6388687948481446
450,82,b_Intercept,1.8672498750324207,1.4891500057138891,2.288925851908009
450,82,b_syntax_dev1,0.4407687391286681,0.301187861373167,0.584398771502083
450,82,b_syntax_dev1:trial_dev1,-0.0272452297206073,-0.33123498518871514,0.2839839069002178
450,82,b_trial_dev1,-0.12155020892930557,-0.39092884670725647,0.1413258622087737
450,82,critical_pred,1.5207861151124509,0.9620502671568762,2.093320861183925
450,82,critical_subj,2.456814052811002,1.8863533591043464,3.0800715876185927
450,82,filler_pred,1.3321761566950543,0.7578267299441378,1.9073574983187014
450,82,filler_subj,2.1592231755111757,1.5863623610233886,2.7713969970915864
450,82,syntax_critical,0.9360279376985509,0.27040891942915324,1.599462041563401
450,82,syntax_filler,0.8270470188161216,0.15505084586246543,1.5154881934327504
450,83,b_Intercept,2.5889651492670036,2.250557775602197,2.9728615311562407
450,83,b_syntax_dev1,0.754171211361175,0.472479725648754,1.0328248656555463
450,83,b_syntax_dev1:trial_dev1,-0.23729589038712004,-0.40435819967504716,-0.07585490759000606
450,83,b_trial_dev1,-0.3642597701525677,-0.8427308802700867,0.1164389101812663
450,83,critical_pred,1.961757817671276,1.3260456931423459,2.6226429764101815
450,83,critical_subj,3.9446920211678664,3.2257844801878752,4.707460293132177
450,83,filler_pred,1.7078300581403807,1.075969338650591,2.3883639620315438
450,83,filler_subj,2.7415807000884906,2.0737139194654803,3.439380783556864
450,83,syntax_critical,1.9829342034965902,1.3213459249895727,2.643594008677903
450,83,syntax_filler,1.03375064194811,0.3955032103604347,1.6796640587462863
450,84,b_Intercept,2.3037235304004873,2.0171305556379786,2.615088298581959
450,84,b_syntax_dev1,0.5272335687296655,0.3603185551404319,0.7016630401595302
450,84,b_syntax_dev1:trial_dev1,-0.047757316397618085,-0.3588238129083184,0.27160652536875646
450,84,b_trial_dev1,-0.0813868016233785,-0.2513657309081229,0.09071190304235445
450,84,critical_pred,1.810119446896582,1.3542864380245623,2.3142748916552818
450,84,critical_subj,2.9601012171511494,2.4673392504355793,3.484133963495071
450,84,filler_pred,1.7428604764450613,1.2794236573689943,2.233941630919305
450,84,filler_subj,2.701812981109156,2.191549635463256,3.2245625515764664
450,84,syntax_critical,1.1499817702545674,0.41352002545335104,1.865821610311682
450,84,syntax_filler,0.958952504664095,0.25717959492132503,1.680917212623393
450,85,b_Intercept,3.442707653134802,2.9689615100365074,3.972047591520644
450,85,b_syntax_dev1,0.8295084482780922,0.6016279570812441,1.0579928628965678
450,85,b_syntax_dev1:trial_dev1,0.14578043354153306,-0.2057128572386726,0.5075281571192615
450,85,b_trial_dev1,-0.2587062536144631,-0.6643835406370407,0.1685665663355723
450,85,critical_pred,3.017685892012706,2.305010445892382,3.7704267635840414
450,85,critical_subj,4.3851419214858245,3.589535641250291,5.239145365788324
450,85,filler_pred,2.208712517700714,1.510263753828576,2.9295164682803496
450,85,filler_subj,4.159290281339964,3.38365218238122,5.018923247239631
450,85,syntax_critical,1.3674560294731182,0.5192488336952886,2.221052949975088
450,85,syntax_filler,1.9505777636392505,1.1179969756354693,2.8194575300661855
450,86,b_Intercept,3.185362886626225,2.7244449494429626,3.7107218650778693
450,86,b_syntax_dev1,0.597089898801212,0.4395599162649101,0.7607900754080362
450,86,b_syntax_dev1:trial_dev1,0.042506790459378954,-0.1342862284798086,0.2209873152465506
450,86,b_trial_dev1,0.3197863578816472,0.0714052111913325,0.5706172416032742
450,86,critical_pred,2.3109934204027445,1.7560781065212898,2.880888070223919
450,86,critical_subj,3.4201596370864107,2.849469033456398,4.028780600651151
450,86,filler_pred,2.865552555247281,2.3046418997937725,3.459796962937798
450,86,filler_subj,4.144745933768463,3.511917913166978,4.840158233954577
450,86,syntax_critical,1.109166216683666,0.6547463093245418,1.5958333372714566
450,86,syntax_filler,1.2791933785211818,0.8072676357798256,1.7803257423666292
450,87,b_Intercept,3.05092188360099,2.5410020020581214,3.609204441446308
450,87,b_syntax_dev1,0.7332719293736756,0.476613437205931,0.997224521737835
450,87,b_syntax_dev1:trial_dev1,-0.054104603318895904,-0.22606003239129577,0.12155619454995631
450,87,b_trial_dev1,-0.2099180422646648,-0.7702029306220731,0.34274545454243033
450,87,critical_pred,2.473463393173083,1.7033938531929103,3.310901951915514
450,87,critical_subj,4.048216458558226,3.1908843547889503,4.954053024407131
450,87,filler_pred,2.161836515281545,1.4143008608920664,2.9659782676410047
450,87,filler_subj,3.5201711673911045,2.6823675752848493,4.3807421699632245
450,87,syntax_critical,1.574753065385143,0.9508619513761174,2.219789425898963
450,87,syntax_filler,1.3583346521095594,0.7450845426448837,1.9823521451946553
450,88,b_Intercept,3.4756772829516507,3.0367172462622047,3.9600938463657607
450,88,b_syntax_dev1,0.5375652665845988,0.3173994930367586,0.7745294996419484
450,88,b_syntax_dev1:trial_dev1,0.21919870124639979,0.057475014150546365,0.39259736622460456
450,88,b_trial_dev1,-0.09212896247671626,-0.5373453205235074,0.3332463359344317
450,88,critical_pred,3.249439680090168,2.5910728764316158,3.955260813339022
450,88,critical_subj,3.886172810766566,3.186179398536729,4.619735531351869
450,88,filler_pred,2.626784352643936,1.9870467848901967,3.2987558196793647
450,88,filler_subj,4.140312288305934,3.4387524482359324,4.877659314778937
450,88,syntax_critical,0.636733130676398,0.08841218123713854,1.2045682263837443
450,88,syntax_filler,1.5135279356619973,0.9677974718873029,2.0906513923114285
450,89,b_Intercept,3.3818512471200006,2.6124660472730485,4.2014058500821925
450,89,b_syntax_dev1,0.9910500496851347,0.6531529608387266,1.3478640156341273
450,89,b_syntax_dev1:trial_dev1,0.5148021144005783,0.30007656093969215,0.7329576408244277
450,89,b_trial_dev1,-0.011605168093109864,-0.8975382668084056,0.8588364737387377
450,89,critical_pred,2.9172084799285543,1.7591069561566044,4.1726306831175535
450,89,critical_subj,3.869704350497667,2.6603421024123324,5.180537454858743
450,89,filler_pred,1.864393914941178,0.6683992818847907,3.0763371562094814
450,89,filler_subj,4.876098243112604,3.53134776634473,6.25846035535483
450,89,syntax_critical,0.9524958705691129,0.2026594229530718,1.7280871746179773
450,89,syntax_filler,3.011704328171426,2.186189323055316,3.8910654152029984
450,90,b_Intercept,3.037447730556517,2.6260419588995654,3.4866135900182367
450,90,b_syntax_dev1,0.5984516834844165,0.27805849646435643,0.919276016185748
450,90,b_syntax_dev1:trial_dev1,0.18455183890003282,0.03237317814569357,0.3433726096375591
450,90,b_trial_dev1,0.22576483471418887,-0.3727888871754287,0.8290040339289836
450,90,critical_pred,2.397783051257944,1.6578018960441114,3.187815649242644
450,90,critical_subj,3.2255827404267117,2.420137173520697,4.051236125519877
450,90,filler_pred,2.480209042886256,1.708467764907278,3.3032965046679985
450,90,filler_subj,4.0462160876551545,3.227328111967074,4.912909832712183
450,90,syntax_critical,0.8277996891687673,0.12506478545489394,1.5224772825818222
450,90,syntax_filler,1.5660070447688987,0.8467031960557794,2.3171038873531047
450,91,b_Intercept,2.7108931815029886,2.226843615659091,3.226882999751349
450,91,b_syntax_dev1,0.6850058619767431,0.5178886052714273,0.8599882627500687
450,91,b_syntax_dev1:trial_dev1,0.08231812272242715,-0.08882661828312136,0.25107424456837
450,91,b_trial_dev1,-0.022471541902299955,-0.36121288684398056,0.3180188593028119
450,91,critical_pred,2.1306769841509725,1.5277685265891203,2.7576549801611554
450,91,critical_subj,3.3360524626596044,2.6924682614031337,4.033850511938839
450,91,filler_pred,1.9210976549015182,1.3215276104262914,2.5436053435077115
450,91,filler_subj,3.4557456242998588,2.809050485309332,4.145541061392005
450,91,syntax_critical,1.205375478508632,0.7349051585291287,1.695398706850869
450,91,syntax_filler,1.5346479693983406,1.0656332244610873,2.0249460616566743
450,92,b_Intercept,2.843172194684414,2.3838064446830542,3.3504339589525887
450,92,b_syntax_dev1,0.8832347288394325,0.6142724343349418,1.1579646674980508
450,92,b_syntax_dev1:trial_dev1,-0.10369930428623508,-0.33382313754100046,0.11104468092166837
450,92,b_trial_dev1,-0.07420768747888055,-0.5343265425464022,0.3693251673416176
450,92,critical_pred,1.930445849037627,1.2485813698725652,2.6470560380430657
450,92,critical_subj,3.904313915288962,3.130927125633347,4.735929879025726
450,92,filler_pred,1.989429082652336,1.320618196911724,2.71592313427604
450,92,filler_subj,3.548499931758731,2.8084695544487395,4.333697611428309
450,92,syntax_critical,1.9738680662513353,1.2953835978523605,2.6775655712881115
450,92,syntax_filler,1.559070849106395,0.8621975535918767,2.2622219954188147
450,93,b_Intercept,2.647449854640754,2.124514563099338,3.2113480209650374
450,93,b_syntax_dev1,0.33545161076661084,0.11060283065164145,0.5618270839542866
450,93,b_syntax_dev1:trial_dev1,0.024707998858509148,-0.37463366043294444,0.42846618306340933
450,93,b_trial_dev1,-0.08089504171544888,-0.6249488228585939,0.43135425160213603
450,93,critical_pred,2.4176012844481014,1.5702416978254243,3.3317093422918367
450,93,critical_subj,3.0390885082643044,2.156288557258915,3.977563873347847
450,93,filler_pred,2.2063952033001852,1.3676851519405657,3.0798299854597313
450,93,filler_subj,2.926714422550425,2.054261771154541,3.8144930453078154
450,93,syntax_critical,0.6214872238162034,-0.2899549836539611,1.5257104376299941
450,93,syntax_filler,0.7203192192502399,-0.18801299618176737,1.6478372519847766
450,94,b_Intercept,3.161334794378759,2.6798265972006856,3.684804158629089
450,94,b_syntax_dev1,0.6602170067921411,0.4496160685629101,0.8761770883078424
450,94,b_syntax_dev1:trial_dev1,0.10278454594093582,-0.08157894582929591,0.2923760162266154
450,94,b_trial_dev1,0.06851974072715647,-0.6204661768246824,0.759444507286386
450,94,critical_pred,2.535382592800397,1.691494982302054,3.4245084317793166
450,94,critical_subj,3.6502475145028077,2.7706121773411647,4.600424728230476
450,94,filler_pred,2.4668529823728385,1.6279943374027022,3.3719091956770373
450,94,filler_subj,3.9928560878389923,3.103486350128571,4.948022755891269
450,94,syntax_critical,1.1148649217024107,0.5720040826392194,1.6777049028692734
450,94,syntax_filler,1.526003105466154,0.9469878803096651,2.1235499898792263
450,95,b_Intercept,3.2239090335757443,2.653757913358588,3.8618976360929684
450,95,b_syntax_dev1,0.4820948463665834,0.22090594408337466,0.7588809505182385
450,95,b_syntax_dev1:trial_dev1,-0.0541619642181573,-0.21798349668263955,0.10883217648802729
450,95,b_trial_dev1,0.27646399937335203,0.08805063634538286,0.47675731639679897
450,95,critical_pred,2.4111882236176516,1.7850284303484931,3.1027287348532586
450,95,critical_subj,3.483701844787133,2.807714509914456,4.2341572875860045
450,95,filler_pred,3.07244015080067,2.4074422295833804,3.7832859072228398
450,95,filler_subj,3.928305915097522,3.2319412463583315,4.702580594536416
450,95,syntax_critical,1.0725136211694815,0.471432367634966,1.6904017670021874
450,95,syntax_filler,0.8558657642968522,0.24678374157926194,1.4899797745796395
450,96,b_Intercept,3.1810560734023827,2.590204548193591,3.7952458220153815
450,96,b_syntax_dev1,0.5758637419243757,0.3850693712465798,0.7765711068134963
450,96,b_syntax_dev1:trial_dev1,-0.36551243862561733,-0.5457997370199705,-0.19078590614767543
450,96,b_trial_dev1,-0.18640677892673743,-0.4329663945377233,0.06808573003437805
450,96,critical_pred,2.426086671779127,1.7907060811338364,3.0867096393806253
450,96,critical_subj,4.3088390328791135,3.567802381693177,5.1363520158220535
450,96,filler_pred,2.7842979911768873,2.124281860452067,3.473308919858823
450,96,filler_subj,3.205000597774404,2.515490018381355,3.926780591648216
450,96,syntax_critical,1.8827523610999863,1.3487469011623223,2.453318309732934
450,96,syntax_filler,0.42070260659751685,-0.06630199426723918,0.9213361322164938
450,97,b_Intercept,3.3018630066581833,2.734656232219032,3.886205664623089
450,97,b_syntax_dev1,0.8816979360109451,0.7018646906247259,1.0731964374334872
450,97,b_syntax_dev1:trial_dev1,0.11679192373395786,-0.12300546189045916,0.3528968746014281
450,97,b_trial_dev1,0.12429932586483432,-0.2068007707964355,0.4598193718235553
450,97,critical_pred,2.4126576685163617,1.7265936631776215,3.1120674598493565
450,97,critical_subj,3.9424696930703362,3.2018623776135313,4.736243185437403
450,97,filler_pred,2.4276724727781147,1.7694604007161534,3.1165983687782086
450,97,filler_subj,4.424652192267921,3.671931205883853,5.236245813587572
450,97,syntax_critical,1.5298120245539746,0.9689106828432336,2.110801952342815
450,97,syntax_filler,1.996979719489806,1.3990717257024468,2.604817749521886
450,98,b_Intercept,2.7929687126945613,2.387784088865109,3.209099898445146
450,98,b_syntax_dev1,0.8620259751182102,0.5452285081831784,1.202592322971107
450,98,b_syntax_dev1:trial_dev1,0.2845215207456093,-0.0048819244064762365,0.5825418760383585
450,98,b_trial_dev1,-0.2544631454341674,-0.5448987046986454,0.030796316146852656
450,98,critical_pred,2.469927403756128,1.844621182641577,3.1155973455095753
450,98,critical_subj,3.6249363125013296,2.951992848554611,4.324221488537648
450,98,filler_pred,1.3919580713965742,0.7855382056218301,2.0172155845116277
450,98,filler_subj,3.6850530631242133,3.016286887614549,4.415509370385348
450,98,syntax_critical,1.1550089087452018,0.34639329940740365,2.0466923956166
450,98,syntax_filler,2.293094991727639,1.448500013007043,3.196303926673752
450,99,b_Intercept,2.2850878826877516,1.8355780360853753,2.7415690003145037
450,99,b_syntax_dev1,0.5851391650931244,0.3487043936215626,0.8217960944750308
450,99,b_syntax_dev1:trial_dev1,-0.15079078834791879,-0.3429731797072686,0.04183671598121949
450,99,b_trial_dev1,0.023265200834120297,-0.2339314335630575,0.2658702327640182
450,99,critical_pred,1.525892728412588,0.9733797708871975,2.111478540342501
450,99,critical_subj,2.9977526352946744,2.3854144229453094,3.629531995530974
450,99,filler_pred,1.8740047067766663,1.2741091753852243,2.4554973497662926
450,99,filler_subj,2.7427014602670776,2.1193733392113394,3.368631442748153
450,99,syntax_critical,1.4718599068820863,0.856279804923243,2.0715481245092082
450,99,syntax_filler,0.8686967534904112,0.27845881455342136,1.493060937247272
450,100,b_Intercept,3.7771671902110007,2.926851358734387,4.693079643825953
450,100,b_syntax_dev1,0.760809754878146,0.4519313177717147,1.0857744000358827
450,100,b_syntax_dev1:trial_dev1,0.28271802855824674,0.0200321868369204,0.5567359532504619
450,100,b_trial_dev1,0.49856087200528776,0.16527149384904843,0.8396662801670456
450,100,critical_pred,2.800514591885814,1.8533839304455402,3.7839767673071836
450,100,critical_subj,3.756698044525612,2.792029918614839,4.822586880688814
450,100,filler_pred,3.232200278779896,2.275252820022572,4.236088056661014
450,100,filler_subj,5.319255845652681,4.270629617417425,6.472725657331331
450,100,syntax_critical,0.9561834526397984,0.17425715217134702,1.7695334242965917
450,100,syntax_filler,2.0870555668727855,1.2622849838856376,2.988806934835947
